{
    "loss": 1.1671959161758423,
    "accuracy": 0.7459806799888611
}