{
    "loss": 4.614720344543457,
    "accuracy": 0.6406752467155457
}